Description,Link,Image,Eligible Credit Cards,Eligible Debit Cards,Unnamed: 5
"IndusInd Bank Credit Card Assured Movie Ticket Offer (PIONEER Private Credit Card,Metal Heritage, Govt Aura Edge, IndusInd Bank Tiger Credit Card, Samman RuPay Credit Card, Poonawalla Fincorp IndusInd Bank Elite Credit Card). Valid till 30 sep 2025 23:59",https://in.bookmyshow.com/offers/indusind-bank-credit-card-assured-movie-ticket-offer/INDAM0425,https://in.bmscdn.com/offers/tnclogo/indus0313.jpg?22072025141424,IndusInd Pioneer Private Credit Card,,
"IndusInd Bank Credit Card Assured Movie Ticket Offer (PIONEER Private Credit Card,Metal Heritage, Govt Aura Edge, IndusInd Bank Tiger Credit Card, Samman RuPay Credit Card, Poonawalla Fincorp IndusInd Bank Elite Credit Card). Valid till 30 sep 2025 23:59",https://in.bookmyshow.com/offers/indusind-bank-credit-card-assured-movie-ticket-offer/INDAM0425,https://in.bmscdn.com/offers/tnclogo/indus0313.jpg?22072025141424,IndusInd Metal Heritage Credit Card,,
"IndusInd Bank Credit Card Assured Movie Ticket Offer (PIONEER Private Credit Card,Metal Heritage, Govt Aura Edge, IndusInd Bank Tiger Credit Card, Samman RuPay Credit Card, Poonawalla Fincorp IndusInd Bank Elite Credit Card). Valid till 30 sep 2025 23:59",https://in.bookmyshow.com/offers/indusind-bank-credit-card-assured-movie-ticket-offer/INDAM0425,https://in.bmscdn.com/offers/tnclogo/indus0313.jpg?22072025141424,IndusInd EazyDiner Credit Card,,
"IndusInd Bank Credit Card Assured Movie Ticket Offer (PIONEER Private Credit Card,Metal Heritage, Govt Aura Edge, IndusInd Bank Tiger Credit Card, Samman RuPay Credit Card, Poonawalla Fincorp IndusInd Bank Elite Credit Card). Valid till 30 sep 2025 23:59",https://in.bookmyshow.com/offers/indusind-bank-credit-card-assured-movie-ticket-offer/INDAM0425,https://in.bmscdn.com/offers/tnclogo/indus0313.jpg?22072025141424,IndusInd EazyDiner Platinum Credit Card,,
"IndusInd Bank Credit Card Assured Movie Ticket Offer (PIONEER Private Credit Card,Metal Heritage, Govt Aura Edge, IndusInd Bank Tiger Credit Card, Samman RuPay Credit Card, Poonawalla Fincorp IndusInd Bank Elite Credit Card). Valid till 30 sep 2025 23:59",https://in.bookmyshow.com/offers/indusind-bank-credit-card-assured-movie-ticket-offer/INDAM0425,https://in.bmscdn.com/offers/tnclogo/indus0313.jpg?22072025141424,IndusInd Aura Edge Credit Card,,
"IndusInd Bank Credit Card Assured Movie Ticket Offer (PIONEER Private Credit Card,Metal Heritage, Govt Aura Edge, IndusInd Bank Tiger Credit Card, Samman RuPay Credit Card, Poonawalla Fincorp IndusInd Bank Elite Credit Card). Valid till 30 sep 2025 23:59",https://in.bookmyshow.com/offers/indusind-bank-credit-card-assured-movie-ticket-offer/INDAM0425,https://in.bmscdn.com/offers/tnclogo/indus0313.jpg?22072025141424,IndusInd Samman Credit Card (Rupay),,
"IndusInd Bank Credit Card Assured Movie Ticket Offer (PIONEER Private Credit Card,Metal Heritage, Govt Aura Edge, IndusInd Bank Tiger Credit Card, Samman RuPay Credit Card, Poonawalla Fincorp IndusInd Bank Elite Credit Card). Valid till 30 sep 2025 23:59",https://in.bookmyshow.com/offers/indusind-bank-credit-card-assured-movie-ticket-offer/INDAM0425,https://in.bmscdn.com/offers/tnclogo/indus0313.jpg?22072025141424,IndusInd Poonawala FinCorp Elite Credit Card,,
Buy One ticket and Get One Free up to INR500* with AU Zenith+ Credit Card,https://in.bookmyshow.com/offers/au-zenith+-credit-card-offer/AUCC0923,https://in.bmscdn.com/offers/tnclogo/au-bank-credit-card-offer-aucc1221.jpg?26112024165039,AU Zenith+ Credit Card,,
Buy 1 ticket and Get 1 ticket free with Axis Bank Burgundy Private and Axis Reserve Credit cards,https://in.bookmyshow.com/offers/axis-burgundy-private-and-reserve-credit-card-offer/AXSCC0324,https://in.bmscdn.com/offers/tnclogo/axis-burgundy-private-credit-card-offer-axscc1219.jpg?19032025200914,Axis Bank Burgandy Credit Card,,
Buy 1 ticket and Get 1 ticket free with Axis Bank Burgundy Private and Axis Reserve Credit cards,https://in.bookmyshow.com/offers/axis-burgundy-private-and-reserve-credit-card-offer/AXSCC0324,https://in.bmscdn.com/offers/tnclogo/axis-burgundy-private-credit-card-offer-axscc1219.jpg?19032025200914,Axis Bank Reserve Credit Card,,
Get flat INR250 Off using RuPay BOBCARD TIARA Card*,https://in.bookmyshow.com/offers/bank-of-baroda-credit-card-offer/RPBOB0325,https://in.bmscdn.com/offers/tnclogo/rupay-credit-card-offer-rpaycc1121.jpg?27032025201511,Bank of Baroda Tiara Credit Card (Rupay),,
Get flat INR250 Off per Quarter using PNB Credit Card*,https://in.bookmyshow.com/offers/pnb-credit-card-offer/RPPNCC0625,https://in.bmscdn.com/offers/tnclogo/pnb-credit-card-offer-rppncc0625.jpg?01072025130507,PNB Rupay Select Card,,
Get flat INR250 Off per Quarter using PNB Credit Card*,https://in.bookmyshow.com/offers/pnb-credit-card-offer/RPPNCC0625,https://in.bmscdn.com/offers/tnclogo/pnb-credit-card-offer-rppncc0625.jpg?01072025130507,PNB Rupay Millennial Card,,
Get flat INR250 Off per Quarter using PNB Credit Card*,https://in.bookmyshow.com/offers/pnb-credit-card-offer/RPPNCC0625,https://in.bmscdn.com/offers/tnclogo/pnb-credit-card-offer-rppncc0625.jpg?01072025130507,PNB RuPay Platinum Credit Card,,
Get flat INR250 Off per Quarter using PNB Credit Card*,https://in.bookmyshow.com/offers/pnb-credit-card-offer/RPPNCC0625,https://in.bmscdn.com/offers/tnclogo/pnb-credit-card-offer-rppncc0625.jpg?01072025130507,PNB Rakshak Rupay Platinum Card,,
Get flat INR250 Off per Quarter using PNB Credit Card*,https://in.bookmyshow.com/offers/pnb-credit-card-offer/RPPNCC0625,https://in.bmscdn.com/offers/tnclogo/pnb-credit-card-offer-rppncc0625.jpg?01072025130507,The PNB Global Platinum Credit Card,,
Get flat INR250 Off per Quarter using PNB Credit Card*,https://in.bookmyshow.com/offers/pnb-credit-card-offer/RPPNCC0625,https://in.bmscdn.com/offers/tnclogo/pnb-credit-card-offer-rppncc0625.jpg?01072025130507,PNB VISA Gold Card,,
Get flat INR250 Off per Quarter using PNB Credit Card*,https://in.bookmyshow.com/offers/pnb-credit-card-offer/RPPNCC0625,https://in.bmscdn.com/offers/tnclogo/pnb-credit-card-offer-rppncc0625.jpg?01072025130507,PNB Patanjali Rupay Platinum Card,,
Get flat INR250 Off per Quarter using PNB Credit Card*,https://in.bookmyshow.com/offers/pnb-credit-card-offer/RPPNCC0625,https://in.bmscdn.com/offers/tnclogo/pnb-credit-card-offer-rppncc0625.jpg?01072025130507,PNB EMT Rupay Platinum Credit Card,,
Get flat INR250 Off per Quarter using PNB Credit Card*,https://in.bookmyshow.com/offers/pnb-credit-card-offer/RPPNCC0625,https://in.bmscdn.com/offers/tnclogo/pnb-credit-card-offer-rppncc0625.jpg?01072025130507,PNB Patanjali Rupay Select Card,,
Get flat INR250 Off using Union Bank of India Divaa RuPay Credit Card,https://in.bookmyshow.com/offers/union-bank-of-india-divaa-rupay-credit-card-offer/RUPAYUN232,https://in.bmscdn.com/offers/tnclogo/rupay-credit-card-offer-rpaycc1121.jpg?28032025182610,Union Bank of India Divaa RuPay Credit Card,,
Buy 1 and Get 1 upto INR200 off using Canara Bank Credit Cards,https://in.bookmyshow.com/offers/canara-bank-credit-card-offer/CANARA0825,https://in.bmscdn.com/offers/tnclogo/canara-bank-credit-card-offer-canara723.jpg?01082025131056,Canara Bank Mastercard Standard Credit Card,,
Buy 1 and Get 1 upto INR200 off using Canara Bank Credit Cards,https://in.bookmyshow.com/offers/canara-bank-credit-card-offer/CANARA0825,https://in.bmscdn.com/offers/tnclogo/canara-bank-credit-card-offer-canara723.jpg?01082025131056,Canara Bank Mastercard Gold Secured Credit Card,,
Buy 1 and Get 1 upto INR200 off using Canara Bank Credit Cards,https://in.bookmyshow.com/offers/canara-bank-credit-card-offer/CANARA0825,https://in.bmscdn.com/offers/tnclogo/canara-bank-credit-card-offer-canara723.jpg?01082025131056,Canara Bank Mastercard Gold Credit Card,,
Buy 1 and Get 1 upto INR200 off using Canara Bank Credit Cards,https://in.bookmyshow.com/offers/canara-bank-credit-card-offer/CANARA0825,https://in.bmscdn.com/offers/tnclogo/canara-bank-credit-card-offer-canara723.jpg?01082025131056,Canara Bank VISA Gold Secured Credit Card,,
Buy 1 and Get 1 upto INR200 off using Canara Bank Credit Cards,https://in.bookmyshow.com/offers/canara-bank-credit-card-offer/CANARA0825,https://in.bmscdn.com/offers/tnclogo/canara-bank-credit-card-offer-canara723.jpg?01082025131056,Canara Bank VISA Classic Credit Card,,
Buy 1 and Get 1 upto INR200 off using Canara Bank Credit Cards,https://in.bookmyshow.com/offers/canara-bank-credit-card-offer/CANARA0825,https://in.bmscdn.com/offers/tnclogo/canara-bank-credit-card-offer-canara723.jpg?01082025131056,Canara Bank Rupay Platinum Credit Card,,
Buy 1 and Get 1 upto INR200 off using Canara Bank Credit Cards,https://in.bookmyshow.com/offers/canara-bank-credit-card-offer/CANARA0825,https://in.bmscdn.com/offers/tnclogo/canara-bank-credit-card-offer-canara723.jpg?01082025131056,Canara Bank Visa Corporate Credit Card,,
Buy 1 and Get 1 upto INR200 off using Canara Bank Credit Cards,https://in.bookmyshow.com/offers/canara-bank-credit-card-offer/CANARA0825,https://in.bmscdn.com/offers/tnclogo/canara-bank-credit-card-offer-canara723.jpg?01082025131056,Canara Bank Rupay Platinum Secured Credit Card,,
Buy 1 and Get 1 upto INR200 off using Canara Bank Credit Cards,https://in.bookmyshow.com/offers/canara-bank-credit-card-offer/CANARA0825,https://in.bmscdn.com/offers/tnclogo/canara-bank-credit-card-offer-canara723.jpg?01082025131056,Canara Bank Mastercard Platinum Credit Card,,
Buy 1 and Get 1 upto INR200 off using Canara Bank Credit Cards,https://in.bookmyshow.com/offers/canara-bank-credit-card-offer/CANARA0825,https://in.bmscdn.com/offers/tnclogo/canara-bank-credit-card-offer-canara723.jpg?01082025131056,Canara Bank Visa Platinum Credit Card,,
Buy 1 and Get 1 upto INR200 off using Canara Bank Credit Cards,https://in.bookmyshow.com/offers/canara-bank-credit-card-offer/CANARA0825,https://in.bmscdn.com/offers/tnclogo/canara-bank-credit-card-offer-canara723.jpg?01082025131056,Canara Bank Rupay Select Credit Card,,
Buy 1 and Get 1 upto INR200 off using Canara Bank Credit Cards,https://in.bookmyshow.com/offers/canara-bank-credit-card-offer/CANARA0825,https://in.bmscdn.com/offers/tnclogo/canara-bank-credit-card-offer-canara723.jpg?01082025131056,Canrara Bank Visa Gold Credit Card,,
Buy 1 and Get 1 upto INR200 off using Canara Bank Credit Cards,https://in.bookmyshow.com/offers/canara-bank-credit-card-offer/CANARA0825,https://in.bmscdn.com/offers/tnclogo/canara-bank-credit-card-offer-canara723.jpg?01082025131056,Canara Bank Mastercard World Credit Card,,
Buy 1 and Get 1 upto INR200 off using Canara Bank Credit Cards,https://in.bookmyshow.com/offers/canara-bank-credit-card-offer/CANARA0825,https://in.bmscdn.com/offers/tnclogo/canara-bank-credit-card-offer-canara723.jpg?01082025131056,Canara Bank Rupay Select Secured Credit Card,,
Buy 1 and Get 1 upto INR200 off using Canara Bank Credit Cards,https://in.bookmyshow.com/offers/canara-bank-credit-card-offer/CANARA0825,https://in.bmscdn.com/offers/tnclogo/canara-bank-credit-card-offer-canara723.jpg?01082025131056,Canara Bank Rupay Classic Credit Card,,
Buy one ticket and Get One ticket free with SBM Credilio Credit Cards,https://in.bookmyshow.com/offers/novio-sbm-credilio-credit-card-offer/SCMCRED625,https://in.bmscdn.com/offers/tnclogo/novio-sbm-credilio-credit-card-offer-scmcred625.jpg?09062025154502,SBM Credilio Credit Card,,
Buy one ticket and Get One ticket free with Rio Credit Card,https://in.bookmyshow.com/offers/rio-credit-card-offer/RIOCC0725,https://in.bmscdn.com/offers/tnclogo/rio-credit-card-offer-riocc0725.jpg?04082025221150,Yes Bank Rio Credit Card,,
Get flat INR250 Off using Bank of India RuPay Credit Card Offer,https://in.bookmyshow.com/offers/bank-of-india-rupay-credit-card-offer/BOICC1023,https://in.bmscdn.com/offers/offerlisting/bank-of-india-rupay-select-credit-card-offer-boicc1023.jpg?06012025151748,Bank of India Rupay Select Credit Card,,
Buy 1 and Get 1 free upto INR200 off using Amplifi Fi-Federal Credit Card,https://in.bookmyshow.com/offers/amplifi-fi-federal-credit-card-offer/FICC0322,https://in.bmscdn.com/offers/offerlisting/amplifi-fi-federal-credit-card-offer-ficc0322.jpg?21032025112755,Federal Bank Amplifi Credit Card,,
Get upto 20% Off on BookMyShow using MagniFi Fi Federal Credit Card,https://in.bookmyshow.com/offers/magnifi-fi-federal-credit-card-offer/MGNFI0224,https://in.bmscdn.com/offers/offerlisting/magnifi-fi-federal-credit-card-offer-mgnfi0224.jpg?13052025230909,Federal Bank Magnifi Credit Card,,
Get upto 20% Off on Event Bookings using Simplifi Fi Federal Credit Card on BookMyShow,https://in.bookmyshow.com/offers/simplifi-fi-federal-credit-card-weekend-offer/SMPLF1223,https://in.bmscdn.com/offers/tnclogo/simplifi-fi-federal-credit-card-weekend-offer-smplf1223.jpg?21032025112841,Federal Bank Simplifi Credit Card,,
Get 20% off up to INR 100 using SBM ZET Credit Card offer,https://in.bookmyshow.com/offers/sbm-zet-credit-card-offer/ZETCC0125,https://in.bmscdn.com/offers/offerlisting/zet-sbm-credit-card-offer-zetcc0125.jpg?02042025181044,SBM Zet Credit Card,,
Get 10% discount on movie ticket with Axis Bank Neo and IndianOil Axis bank Credit Card,https://in.bookmyshow.com/offers/axis-bank-neo-and-indian-oil-credit-card-offer/AXSIN0324,https://in.bmscdn.com/offers/offerlisting/axis-neo-credit-card-10percent-offer-axsneo0415.jpg?19032025201000,Axis Bank Neo Credit Card,,
Get 10% discount on movie ticket with Axis Bank Neo and IndianOil Axis bank Credit Card,https://in.bookmyshow.com/offers/axis-bank-neo-and-indian-oil-credit-card-offer/AXSIN0324,https://in.bmscdn.com/offers/offerlisting/axis-neo-credit-card-10percent-offer-axsneo0415.jpg?19032025201000,Axis Bank IndianOil Credit Card,,
Get exciting discounts on movies with RBL Bank SuperCards.,https://in.bookmyshow.com/offers/rbl-bank-supercard-offer/RBL0117,https://in.bmscdn.com/offers/tnclogo/rbl0117.jpg?30122024170816,RBL Bank World Prime Super Card,,
Get 25% Off upto INR 250 on total ticket cost with IDBI Bank Credit Cards,https://in.bookmyshow.com/offers/idbi-bank-credit-card-offer/IDBICC0623,https://in.bmscdn.com/offers/offerlisting/idbi-bank-credit-card-offer-idbicc0623.jpg?31082025145251,IDBI Imperium Platinum (Visa),,
Get 25% Off upto INR 250 on total ticket cost with IDBI Bank Credit Cards,https://in.bookmyshow.com/offers/idbi-bank-credit-card-offer/IDBICC0623,https://in.bmscdn.com/offers/offerlisting/idbi-bank-credit-card-offer-idbicc0623.jpg?31082025145251,IDBI Aspire Platinum (Visa),,
Get 25% Off upto INR 250 on total ticket cost with IDBI Bank Credit Cards,https://in.bookmyshow.com/offers/idbi-bank-credit-card-offer/IDBICC0623,https://in.bmscdn.com/offers/offerlisting/idbi-bank-credit-card-offer-idbicc0623.jpg?31082025145251,IDBI Royale Signature Credit Card (Visa),,
Get exciting discounts on movies with RBL Bank Credit Card,https://in.bookmyshow.com/offers/rbl-bank-credit-card-movie-offer/RBL0614,https://in.bmscdn.com/offers/tnclogo/rbl0614.jpg?23012025115611,RBL Bank Patanjali Swarn Credit Card,,
Get exciting discounts on movies with RBL Bank Credit Card,https://in.bookmyshow.com/offers/rbl-bank-credit-card-movie-offer/RBL0614,https://in.bmscdn.com/offers/tnclogo/rbl0614.jpg?23012025115611,RBL Bank TVS Credit Card,,
Get exciting discounts on movies with RBL Bank Credit Card,https://in.bookmyshow.com/offers/rbl-bank-credit-card-movie-offer/RBL0614,https://in.bmscdn.com/offers/tnclogo/rbl0614.jpg?23012025115611,RBL Bank Fun+ Credit Card,,
Get exciting discounts on movies with RBL Bank Credit Card,https://in.bookmyshow.com/offers/rbl-bank-credit-card-movie-offer/RBL0614,https://in.bmscdn.com/offers/tnclogo/rbl0614.jpg?23012025115611,RBL Bank Movies & More Credit Card,,
Get exciting discounts on movies with RBL Bank Credit Card,https://in.bookmyshow.com/offers/rbl-bank-credit-card-movie-offer/RBL0614,https://in.bmscdn.com/offers/tnclogo/rbl0614.jpg?23012025115611,RBL Bank Blockbuster Credit Card,,
Get exciting discounts on movies with RBL Bank Credit Card,https://in.bookmyshow.com/offers/rbl-bank-credit-card-movie-offer/RBL0614,https://in.bmscdn.com/offers/tnclogo/rbl0614.jpg?23012025115611,RBL Bank Money Tap Black Credit Card,,
Get exciting discounts on movies with RBL Bank Credit Card,https://in.bookmyshow.com/offers/rbl-bank-credit-card-movie-offer/RBL0614,https://in.bmscdn.com/offers/tnclogo/rbl0614.jpg?23012025115611,RBL Bank SaveMax Credit Card,,
Get exciting discounts on movies with RBL Bank Credit Card,https://in.bookmyshow.com/offers/rbl-bank-credit-card-movie-offer/RBL0614,https://in.bmscdn.com/offers/tnclogo/rbl0614.jpg?23012025115611,RBL Bank SaveMax Pro Credit Card,,
Get Upto INR500 Off using RuPay Karnataka Bank Debit Card,https://in.bookmyshow.com/offers/rupay-karnataka-bank-debit-card-offer/KRNTK02251,https://in.bmscdn.com/offers/offerlisting/rupay-karnataka-bank-debit-card-offer-krntk02251.jpg?19062025181251,,Karnataka Bank Family Select Debit Card,
Get Upto INR500 Off using RuPay Karnataka Bank Debit Card,https://in.bookmyshow.com/offers/rupay-karnataka-bank-debit-card-offer/KRNTK02251,https://in.bmscdn.com/offers/offerlisting/rupay-karnataka-bank-debit-card-offer-krntk02251.jpg?19062025181251,,Karnataka Woman Platinum Debit Card,
Get Upto INR500 Off using RuPay SBI Debit Cards,https://in.bookmyshow.com/offers/rupay-sbi-debit-card-offer/SBIDC0823,https://in.bmscdn.com/offers/offerlisting/rupay-sbi-debit-card-offer-sbidc0823.jpg?07052025120335,,SBI Global International Debit Card (Rupay Platinum),
Get Upto INR500 Off using RuPay SBI Debit Cards,https://in.bookmyshow.com/offers/rupay-sbi-debit-card-offer/SBIDC0823,https://in.bmscdn.com/offers/offerlisting/rupay-sbi-debit-card-offer-sbidc0823.jpg?07052025120335,,SBI Platinum International Debit Card (Rupay Platinum),
Get Upto INR500 Off using RuPay SBI Debit Cards,https://in.bookmyshow.com/offers/rupay-sbi-debit-card-offer/SBIDC0823,https://in.bmscdn.com/offers/offerlisting/rupay-sbi-debit-card-offer-sbidc0823.jpg?07052025120335,,SBI IOCL Co-Branded Contactless RuPay Debit Card (Rupay Platinum),
Get Upto INR500 Off using RuPay SBI Debit Cards,https://in.bookmyshow.com/offers/rupay-sbi-debit-card-offer/SBIDC0823,https://in.bmscdn.com/offers/offerlisting/rupay-sbi-debit-card-offer-sbidc0823.jpg?07052025120335,,SBI Nari Shakti Platinum Debit Card (Rupay Platinum),
Get Upto INR500 Off using RuPay SBI Debit Cards,https://in.bookmyshow.com/offers/rupay-sbi-debit-card-offer/SBIDC0823,https://in.bmscdn.com/offers/offerlisting/rupay-sbi-debit-card-offer-sbidc0823.jpg?07052025120335,,SBI Pragati Platinum Debit Card (Rupay Platinum),
Get Upto INR500 Off using Union Bank of India RuPay Debit Card,https://in.bookmyshow.com/offers/union-bank-of-india-rupay-debit-card-offer/RUPAYUN231,https://in.bmscdn.com/offers/tnclogo/rupay-credit-card-offer-rpaycc1121.jpg?01072025112133,,Union Bank HNI Emperio Metal Debit Card (Rupay),
Get Upto INR500 Off using Union Bank of India RuPay Debit Card,https://in.bookmyshow.com/offers/union-bank-of-india-rupay-debit-card-offer/RUPAYUN231,https://in.bmscdn.com/offers/tnclogo/rupay-credit-card-offer-rpaycc1121.jpg?01072025112133,,Union Bank Rupay Empower Her Debit Card (Rupay),
Get Upto INR500 Off using Union Bank of India RuPay Debit Card,https://in.bookmyshow.com/offers/union-bank-of-india-rupay-debit-card-offer/RUPAYUN231,https://in.bmscdn.com/offers/tnclogo/rupay-credit-card-offer-rpaycc1121.jpg?01072025112133,,Union Bank Qsparc Debit Card (Rupay) (Rupay),
Get Upto INR500 Off using Union Bank of India RuPay Debit Card,https://in.bookmyshow.com/offers/union-bank-of-india-rupay-debit-card-offer/RUPAYUN231,https://in.bmscdn.com/offers/tnclogo/rupay-credit-card-offer-rpaycc1121.jpg?01072025112133,,Union Bank of India Business Debit Card (Platinum) (Rupay),
Get Upto INR500 Off using Union Bank of India RuPay Debit Card,https://in.bookmyshow.com/offers/union-bank-of-india-rupay-debit-card-offer/RUPAYUN231,https://in.bmscdn.com/offers/tnclogo/rupay-credit-card-offer-rpaycc1121.jpg?01072025112133,,Union Bank of India Classic Debit Card Rupay (Rupay),
Get Upto INR500 Off using Union Bank of India RuPay Debit Card,https://in.bookmyshow.com/offers/union-bank-of-india-rupay-debit-card-offer/RUPAYUN231,https://in.bmscdn.com/offers/tnclogo/rupay-credit-card-offer-rpaycc1121.jpg?01072025112133,,Union Bank of India Platinum Debit Card (Rupay),
Get Upto INR500 Off using Union Bank of India RuPay Debit Card,https://in.bookmyshow.com/offers/union-bank-of-india-rupay-debit-card-offer/RUPAYUN231,https://in.bmscdn.com/offers/tnclogo/rupay-credit-card-offer-rpaycc1121.jpg?01072025112133,,Union Bank of India Rupay Select Debit Card (Rupay),
Get Upto INR500 Off using Union Bank of India RuPay Debit Card,https://in.bookmyshow.com/offers/union-bank-of-india-rupay-debit-card-offer/RUPAYUN231,https://in.bmscdn.com/offers/tnclogo/rupay-credit-card-offer-rpaycc1121.jpg?01072025112133,,Union Bank of India Rupay JCB Platinum Urnro,
Get Upto INR500 Off using Union Bank of India RuPay Debit Card,https://in.bookmyshow.com/offers/union-bank-of-india-rupay-debit-card-offer/RUPAYUN231,https://in.bmscdn.com/offers/tnclogo/rupay-credit-card-offer-rpaycc1121.jpg?01072025112133,,Urnre (Rupay),
Get upto INR1000 Off* every month using Apex International Metal Debit Card,https://in.bookmyshow.com/offers/yes-bank-apex-international-metal-debit-card/YESAPX124,https://in.bmscdn.com/offers/offerlisting/yes-bank-apex-international-metal-debit-card-yesapx124.jpg?09042025174920,,Yes Apex International Metal Debit card,
"YES Private Debit Card Offer; Available For WEB, MOBILE",https://in.bookmyshow.com/offers/yes-private-debit-card-offer/YESPVT124,https://in.bmscdn.com/offers/tnclogo/yes-private-debit-card-offer-yespvt124.jpg?24072024142751,,Yes Private Debit Card,
"Buy 1 Ticket and Get 1 free up to INR 1000* with IndusInd Grande World, Signature Grande, Pioneer & Pioneer Private Debit Card","https://in.bookmyshow.com/offers/indusind-bank-grande-world,-signature-grande,-pioneer-&-pioneer-private-debit-card-offer/VISINP0424",https://in.bmscdn.com/offers/tnclogo/indusind-pioneer-and-indus-grande-debit-card-offer-visin0918.jpg?28082025144605,,Indusind Bank Grande World Debit Card,None. 
"Buy 1 Ticket and Get 1 free up to INR 1000* with IndusInd Grande World, Signature Grande, Pioneer & Pioneer Private Debit Card","https://in.bookmyshow.com/offers/indusind-bank-grande-world,-signature-grande,-pioneer-&-pioneer-private-debit-card-offer/VISINP0424",https://in.bmscdn.com/offers/tnclogo/indusind-pioneer-and-indus-grande-debit-card-offer-visin0918.jpg?28082025144605,,Indusind Bank Signature Grande Debit Card,None. 
"Buy 1 Ticket and Get 1 free up to INR 1000* with IndusInd Grande World, Signature Grande, Pioneer & Pioneer Private Debit Card","https://in.bookmyshow.com/offers/indusind-bank-grande-world,-signature-grande,-pioneer-&-pioneer-private-debit-card-offer/VISINP0424",https://in.bmscdn.com/offers/tnclogo/indusind-pioneer-and-indus-grande-debit-card-offer-visin0918.jpg?28082025144605,,Indusind Bank Pioneer Debit Card,None. 
"Buy 1 Ticket and Get 1 free up to INR 1000* with IndusInd Grande World, Signature Grande, Pioneer & Pioneer Private Debit Card","https://in.bookmyshow.com/offers/indusind-bank-grande-world,-signature-grande,-pioneer-&-pioneer-private-debit-card-offer/VISINP0424",https://in.bmscdn.com/offers/tnclogo/indusind-pioneer-and-indus-grande-debit-card-offer-visin0918.jpg?28082025144605,,Indusind Bank Pioneer World Debit Card,None. 
Buy One ticket & Get One Free upto INR 1000 on Movies/Non-Movies with IndusInd Bank Solitaire Debit Card,https://in.bookmyshow.com/offers/indusind-bank-solitaire-debit-card-offer/VISIN1023,https://in.bmscdn.com/offers/tnclogo/indusind-bank-solitaire-debit-card-offer-visin1023.jpg?28082025144704,,Indusind Bank Solitaire Debit Card Offer,
"Bandhan Bank Avni Debit Card Offer; Available For WEB, MOBILE",https://in.bookmyshow.com/offers/bandhan-bank-avni-debit-card-offer/BANDHAN824,https://in.bmscdn.com/offers/tnclogo/bandhan-bank-avni-debit-card-offer-bandhan824.jpg?10032025175112,,Bandhan Bank Avni Debit Card,
"Bandhan Bank Elite and Elite Plus Debit Card Offer; Available For WEB, MOBILE",https://in.bookmyshow.com/offers/bandhan-bank-elite-and-elite-plus-debit-card-offer/BANDNEP425,https://in.bmscdn.com/offers/tnclogo/bandhan-bank-elite-debit-card-offer-bandnep425.jpg?05052025113614,,Bandhan Bank Elite Debit Card,
"Bandhan Bank Elite and Elite Plus Debit Card Offer; Available For WEB, MOBILE",https://in.bookmyshow.com/offers/bandhan-bank-elite-and-elite-plus-debit-card-offer/BANDNEP425,https://in.bmscdn.com/offers/tnclogo/bandhan-bank-elite-debit-card-offer-bandnep425.jpg?05052025113614,,Bandhan Bank Elite Plus Debit Card,
"Bandhan Bank Legacy Debit Card; Available For WEB, MOBILE",https://in.bookmyshow.com/offers/bandhan-bank-legacy-debit-card/BANDHL825,https://in.bmscdn.com/offers/tnclogo/bandhan-bank-legacy-debit-card-bandhl825.jpg?25082025185431,,Bandhan Bank Legacy Debit Card,
"Bandhan Bank Mastercard Platinum Plus Debit Card Offer; Available For WEB, MOBILE; Valid till 31 mar 2026 23:59",https://in.bookmyshow.com/offers/bandhan-bank-legacy-debit-card/BANDHL825,https://in.bmscdn.com/offers/tnclogo/bandhan-bank-avni-debit-card-offer-bandhan824.jpg?25082025185432,,Bandhan Bank Legacy Debit Card,
"Bandhan Bank Mastercard Platinum Plus Debit Card Offer; Available For WEB, MOBILE; Valid till 31 mar 2026 23:59",https://in.bookmyshow.com/offers/bandhan-bank-mastercard-platinum-plus-debit-card-offer/BANDHN1024,https://in.bmscdn.com/offers/tnclogo/bandhan-bank-avni-debit-card-offer-bandhan824.jpg?10032025175152,,Bandhan Bank Mastercard Platinum Plus Debit Card,
"Bandhan Bank RuPay Platinum Debit Card Offer; Available For WEB, MOBILE; Valid till 31 jan 2026 23:59",https://in.bookmyshow.com/offers/bandhan-bank-rupay-platinum-debit-card-offer/BANDHN0225,https://in.bmscdn.com/offers/tnclogo/bandhan-bank-avni-debit-card-offer-bandhan824.jpg?07022025165235,,Bandhan Bank RuPay Platinum Debit Card,
"Buy one ticket and Get One ticket free with Central Bank Of India Rupay Select and Platinum Debit Card offer; Available For WEB, MOBILE; Valid till 30 sep 2025 23:59",https://in.bookmyshow.com/offers/central-bank-of-india-debit-card-offer/CBIDC1024,https://in.bmscdn.com/offers/tnclogo/central-bank-of-india-debit-card-offer-cbidc1024.jpg?26062025165716,,Central Bank Rupay Platinum Debit Card,
"Buy one ticket and Get One ticket free with Central Bank Of India Rupay Select and Platinum Debit Card offer; Available For WEB, MOBILE; Valid till 30 sep 2025 23:59",https://in.bookmyshow.com/offers/central-bank-of-india-debit-card-offer/CBIDC1024,https://in.bmscdn.com/offers/tnclogo/central-bank-of-india-debit-card-offer-cbidc1024.jpg?26062025165716,,Central Bank Rupay Select Wellness Card,
"Buy 1 ticket and get 1 ticket free with select IndusInd Debit Cards; Available For WEB, MOBILE; Valid till 31 aug 2026 23:59",https://in.bookmyshow.com/offers/indusind-buy-one-get-one-on-select-debit-cards/VISIN0424,https://in.bmscdn.com/offers/tnclogo/visin0511.jpg?28082025144806,,Indusind Bank Platinum Plus Debit Card,
"Buy 1 ticket and get 1 ticket free with select IndusInd Debit Cards; Available For WEB, MOBILE; Valid till 31 aug 2026 23:59",https://in.bookmyshow.com/offers/indusind-buy-one-get-one-on-select-debit-cards/VISIN0424,https://in.bmscdn.com/offers/tnclogo/visin0511.jpg?28082025144806,,Indusind Bank Platinum Premier Debit Card,
"Buy 1 ticket and get 1 ticket free with select IndusInd Debit Cards; Available For WEB, MOBILE; Valid till 31 aug 2026 23:59",https://in.bookmyshow.com/offers/indusind-buy-one-get-one-on-select-debit-cards/VISIN0424,https://in.bmscdn.com/offers/tnclogo/visin0511.jpg?28082025144806,,Indusind Bank Signature Select Debit Card,
"Buy 1 ticket and get 1 ticket free with select IndusInd Debit Cards; Available For WEB, MOBILE; Valid till 31 aug 2026 23:59",https://in.bookmyshow.com/offers/indusind-buy-one-get-one-on-select-debit-cards/VISIN0424,https://in.bmscdn.com/offers/tnclogo/visin0511.jpg?28082025144806,,Indusind Bank World Select Debit Card,
"Buy 1 ticket and get 1 ticket free with select IndusInd Debit Cards; Available For WEB, MOBILE; Valid till 31 aug 2026 23:59",https://in.bookmyshow.com/offers/indusind-buy-one-get-one-on-select-debit-cards/VISIN0424,https://in.bmscdn.com/offers/tnclogo/visin0511.jpg?28082025144806,,Indusind Bank Signature Exclusive Debit Card,
"Buy 1 ticket and get 1 ticket free with select IndusInd Debit Cards; Available For WEB, MOBILE; Valid till 31 aug 2026 23:59",https://in.bookmyshow.com/offers/indusind-buy-one-get-one-on-select-debit-cards/VISIN0424,https://in.bmscdn.com/offers/tnclogo/visin0511.jpg?28082025144806,,Indusind Bank World Exclusive Debit Card,
"Buy 1 ticket and get 1 ticket free with select IndusInd Debit Cards; Available For WEB, MOBILE; Valid till 31 aug 2026 23:59",https://in.bookmyshow.com/offers/indusind-buy-one-get-one-on-select-debit-cards/VISIN0424,https://in.bmscdn.com/offers/tnclogo/visin0511.jpg?28082025144806,,Indusind Bank Signature Debit Card,
"Buy 1 ticket and get 1 ticket free with select IndusInd Debit Cards; Available For WEB, MOBILE; Valid till 31 aug 2026 23:59",https://in.bookmyshow.com/offers/indusind-buy-one-get-one-on-select-debit-cards/VISIN0424,https://in.bmscdn.com/offers/tnclogo/visin0511.jpg?28082025144806,,Indusind Bank Titanium Plus Debit Card,
"Buy 1 ticket and get 1 ticket free with select IndusInd Debit Cards; Available For WEB, MOBILE; Valid till 31 aug 2026 23:59",https://in.bookmyshow.com/offers/indusind-buy-one-get-one-on-select-debit-cards/VISIN0424,https://in.bmscdn.com/offers/tnclogo/visin0511.jpg?28082025144806,,Indusind Bank Duo Debit Card,
"Buy 1 ticket and get 1 ticket free with select IndusInd Debit Cards; Available For WEB, MOBILE; Valid till 31 aug 2026 23:59",https://in.bookmyshow.com/offers/indusind-buy-one-get-one-on-select-debit-cards/VISIN0424,https://in.bmscdn.com/offers/tnclogo/visin0511.jpg?28082025144806,,Indusind Bank Titanium Metro Debit Card,
"Buy 1 ticket and get 1 ticket free with select IndusInd Debit Cards; Available For WEB, MOBILE; Valid till 31 aug 2026 23:59",https://in.bookmyshow.com/offers/indusind-buy-one-get-one-on-select-debit-cards/VISIN0424,https://in.bmscdn.com/offers/tnclogo/visin0511.jpg?28082025144806,,Indusind Bank Titanium Delights Debit Card,
"Buy 1 ticket and get 1 ticket free with select IndusInd Debit Cards; Available For WEB, MOBILE; Valid till 31 aug 2026 23:59",https://in.bookmyshow.com/offers/indusind-buy-one-get-one-on-select-debit-cards/VISIN0424,https://in.bmscdn.com/offers/tnclogo/visin0511.jpg?28082025144806,,Indusind Bank Platinum Carat Debit Card,
"Buy One and Get One Ticket Free* up to INR 500 on Movies in a Quarter with INDIE Platinum Debit Card; Available For WEB, MOBILE; Valid till 30 sep 2025 23:59",https://in.bookmyshow.com/offers/indie-platinum-debit-card-offer/INDDC0524,https://in.bmscdn.com/offers/tnclogo/indie-signature-debit-card-offer-inddc0823.jpg?28082025170632,,Indusind Bank INDIE Platinum Debit Card,
"Buy 1 and Get 1 upto INR400 off using INDIE Signature Debit Card; Available WEB, MOBILE; Valid till 30 sep 2025 23:59",https://in.bookmyshow.com/offers/indie-signature-debit-card-offer/INDDC0823,https://in.bmscdn.com/offers/tnclogo/indie-signature-debit-card-offer-inddc0823.jpg?28082025171251,,Indusind Bank INDIE Signature Debit Card,
"Buy One Ticket and Get One ticket free by using Bank of Baroda Visa Debit Cards; Available WEB, MOBILE; Valid till 30 sep 2025 23:59",https://in.bookmyshow.com/offers/bank-of-baroda-visa-debit-card-offer/BOB0825,https://in.bmscdn.com/offers/tnclogo/bank-of-baroda-debit-card-offer-bob0825.jpg?18082025181953,,Bank of Baroda EaseMyTrip  Debit Card (Visa),
"Buy One Ticket and Get One ticket free by using Bank of Baroda Visa Debit Cards; Available WEB, MOBILE; Valid till 30 sep 2025 23:59",https://in.bookmyshow.com/offers/bank-of-baroda-visa-debit-card-offer/BOB0825,https://in.bmscdn.com/offers/tnclogo/bank-of-baroda-debit-card-offer-bob0825.jpg?18082025181953,,Bank of Baroda World VISA Opulence Debit Card (Visa),
"Buy One Ticket and Get One ticket free by using Bank of Baroda Visa Debit Cards; Available WEB, MOBILE; Valid till 30 sep 2025 23:59",https://in.bookmyshow.com/offers/bank-of-baroda-visa-debit-card-offer/BOB0825,https://in.bmscdn.com/offers/tnclogo/bank-of-baroda-debit-card-offer-bob0825.jpg?18082025181953,,Bank of Baroda Visa Platinum Debit Card (Visa),
"Buy One Ticket and Get One ticket free by using Bank of Baroda Visa Debit Cards; Available WEB, MOBILE; Valid till 30 sep 2025 23:59",https://in.bookmyshow.com/offers/bank-of-baroda-visa-debit-card-offer/BOB0825,https://in.bmscdn.com/offers/tnclogo/bank-of-baroda-debit-card-offer-bob0825.jpg?18082025181953,,Bank of Baroda VISA Vyapaar Debit Card (Visa),
"Buy One Ticket and Get One ticket free by using Bank of Baroda Visa Debit Cards; Available WEB, MOBILE; Valid till 30 sep 2025 23:59",https://in.bookmyshow.com/offers/bank-of-baroda-visa-debit-card-offer/BOB0825,https://in.bmscdn.com/offers/tnclogo/bank-of-baroda-debit-card-offer-bob0825.jpg?18082025181953,,Bank of Baroda Visa Classic Debit Card (Visa),
"Buy One Ticket and Get One ticket free by using Bank of Baroda Visa Debit Cards; Available WEB, MOBILE; Valid till 30 sep 2025 23:59",https://in.bookmyshow.com/offers/bank-of-baroda-visa-debit-card-offer/BOB0825,https://in.bmscdn.com/offers/tnclogo/bank-of-baroda-debit-card-offer-bob0825.jpg?18082025181953,,Bank of Baroda World VISA Sapphire Debit Card (Visa),
"Buy One Ticket and Get One ticket free by using Bank of Baroda Visa Debit Cards; Available WEB, MOBILE; Valid till 30 sep 2025 23:59",https://in.bookmyshow.com/offers/bank-of-baroda-visa-debit-card-offer/BOB0825,https://in.bmscdn.com/offers/tnclogo/bank-of-baroda-debit-card-offer-bob0825.jpg?18082025181953,,Bank of Baroda Virtual Debit Card (Visa),
"Buy One Ticket and Get One ticket free by using Bank of Baroda Visa Debit Cards; Available WEB, MOBILE; Valid till 30 sep 2025 23:59",https://in.bookmyshow.com/offers/bank-of-baroda-visa-debit-card-offer/BOB0825,https://in.bmscdn.com/offers/tnclogo/bank-of-baroda-debit-card-offer-bob0825.jpg?18082025181953,,Bank of Baroda inSIGHT Braille Debit Card (Visa),
"10% discount upto INR 200 with Federal Bank Debit cards; Available WEB, MOBILE; Valid till 30 sep 2025 23:59",https://in.bookmyshow.com/offers/federal-bank-debit-card-offer/FEDDC0525,https://in.bmscdn.com/offers/tnclogo/federal-bank-debit-card-offer-feddc0525.jpg?29082025171606,,Visa Celesta Contactless Debit Card,
"10% discount upto INR 200 with Federal Bank Debit cards; Available WEB, MOBILE; Valid till 30 sep 2025 23:59",https://in.bookmyshow.com/offers/federal-bank-debit-card-offer/FEDDC0525,https://in.bmscdn.com/offers/tnclogo/federal-bank-debit-card-offer-feddc0525.jpg?29082025171606,,Visa Imperio Contactless Debit Card,
"10% discount upto INR 200 with Federal Bank Debit cards; Available WEB, MOBILE; Valid till 30 sep 2025 23:59",https://in.bookmyshow.com/offers/federal-bank-debit-card-offer/FEDDC0525,https://in.bmscdn.com/offers/tnclogo/federal-bank-debit-card-offer-feddc0525.jpg?29082025171606,,Visa Crown Contactless Debit Card,
"10% discount upto INR 200 with Federal Bank Debit cards; Available WEB, MOBILE; Valid till 30 sep 2025 23:59",https://in.bookmyshow.com/offers/federal-bank-debit-card-offer/FEDDC0525,https://in.bmscdn.com/offers/tnclogo/federal-bank-debit-card-offer-feddc0525.jpg?29082025171606,,Visa FedFirst Contactless Debit Card,
"10% discount upto INR 200 with Federal Bank Debit cards; Available WEB, MOBILE; Valid till 30 sep 2025 23:59",https://in.bookmyshow.com/offers/federal-bank-debit-card-offer/FEDDC0525,https://in.bmscdn.com/offers/tnclogo/federal-bank-debit-card-offer-feddc0525.jpg?29082025171606,,Mastercard Celesta Contactless Debit Card,
"10% discount upto INR 200 with Federal Bank Debit cards; Available WEB, MOBILE; Valid till 30 sep 2025 23:59",https://in.bookmyshow.com/offers/federal-bank-debit-card-offer/FEDDC0525,https://in.bmscdn.com/offers/tnclogo/federal-bank-debit-card-offer-feddc0525.jpg?29082025171606,,Mastercard Imperio Contactless Debit Card,
"10% discount upto INR 200 with Federal Bank Debit cards; Available WEB, MOBILE; Valid till 30 sep 2025 23:59",https://in.bookmyshow.com/offers/federal-bank-debit-card-offer/FEDDC0525,https://in.bmscdn.com/offers/tnclogo/federal-bank-debit-card-offer-feddc0525.jpg?29082025171606,,Mastercard Crown Contactless Debit Card,
"10% discount upto INR 200 with Federal Bank Debit cards; Available WEB, MOBILE; Valid till 30 sep 2025 23:59",https://in.bookmyshow.com/offers/federal-bank-debit-card-offer/FEDDC0525,https://in.bmscdn.com/offers/tnclogo/federal-bank-debit-card-offer-feddc0525.jpg?29082025171606,,Rupay Crown Debit Card,
"10% discount upto INR 200 with Federal Bank Debit cards; Available WEB, MOBILE; Valid till 30 sep 2025 23:59",https://in.bookmyshow.com/offers/federal-bank-debit-card-offer/FEDDC0525,https://in.bmscdn.com/offers/tnclogo/federal-bank-debit-card-offer-feddc0525.jpg?29082025171606,,Rupay Platinum Contactless Debit Card,
"10% discount upto INR 200 with Federal Bank Debit cards; Available WEB, MOBILE; Valid till 30 sep 2025 23:59",https://in.bookmyshow.com/offers/federal-bank-debit-card-offer/FEDDC0525,https://in.bmscdn.com/offers/tnclogo/federal-bank-debit-card-offer-feddc0525.jpg?29082025171606,,RuPay PMJDY Debit Card,
"10% discount upto INR 200 with Federal Bank Debit cards; Available WEB, MOBILE; Valid till 30 sep 2025 23:59",https://in.bookmyshow.com/offers/federal-bank-debit-card-offer/FEDDC0525,https://in.bmscdn.com/offers/tnclogo/federal-bank-debit-card-offer-feddc0525.jpg?29082025171606,,Federal Visa Celesta Contactless Debit Card,
"10% discount upto INR 200 with Federal Bank Debit cards; Available WEB, MOBILE; Valid till 30 sep 2025 23:59",https://in.bookmyshow.com/offers/federal-bank-debit-card-offer/FEDDC0525,https://in.bmscdn.com/offers/tnclogo/federal-bank-debit-card-offer-feddc0525.jpg?29082025171606,,Federal Visa Imperio Contactless Debit Card,
"10% discount upto INR 200 with Federal Bank Debit cards; Available WEB, MOBILE; Valid till 30 sep 2025 23:59",https://in.bookmyshow.com/offers/federal-bank-debit-card-offer/FEDDC0525,https://in.bmscdn.com/offers/tnclogo/federal-bank-debit-card-offer-feddc0525.jpg?29082025171606,,Federal Visa Crown Contactless Debit Card,
"10% discount upto INR 200 with Federal Bank Debit cards; Available WEB, MOBILE; Valid till 30 sep 2025 23:59",https://in.bookmyshow.com/offers/federal-bank-debit-card-offer/FEDDC0525,https://in.bmscdn.com/offers/tnclogo/federal-bank-debit-card-offer-feddc0525.jpg?29082025171606,,Federal Visa FedFirst Contactless Debit Card,
"10% discount upto INR 200 with Federal Bank Debit cards; Available WEB, MOBILE; Valid till 30 sep 2025 23:59",https://in.bookmyshow.com/offers/federal-bank-debit-card-offer/FEDDC0525,https://in.bmscdn.com/offers/tnclogo/federal-bank-debit-card-offer-feddc0525.jpg?29082025171606,,Federal Mastercard Celesta Contactless Debit Card,
"10% discount upto INR 200 with Federal Bank Debit cards; Available WEB, MOBILE; Valid till 30 sep 2025 23:59",https://in.bookmyshow.com/offers/federal-bank-debit-card-offer/FEDDC0525,https://in.bmscdn.com/offers/tnclogo/federal-bank-debit-card-offer-feddc0525.jpg?29082025171606,,Federal Mastercard Imperio Contactless Debit Card,
"10% discount upto INR 200 with Federal Bank Debit cards; Available WEB, MOBILE; Valid till 30 sep 2025 23:59",https://in.bookmyshow.com/offers/federal-bank-debit-card-offer/FEDDC0525,https://in.bmscdn.com/offers/tnclogo/federal-bank-debit-card-offer-feddc0525.jpg?29082025171606,,Federal Mastercard Crown Contactless Debit Card,
"10% discount upto INR 200 with Federal Bank Debit cards; Available WEB, MOBILE; Valid till 30 sep 2025 23:59",https://in.bookmyshow.com/offers/federal-bank-debit-card-offer/FEDDC0525,https://in.bmscdn.com/offers/tnclogo/federal-bank-debit-card-offer-feddc0525.jpg?29082025171606,,Federal Rupay Crown Debit Card,
"10% discount upto INR 200 with Federal Bank Debit cards; Available WEB, MOBILE; Valid till 30 sep 2025 23:59",https://in.bookmyshow.com/offers/federal-bank-debit-card-offer/FEDDC0525,https://in.bmscdn.com/offers/tnclogo/federal-bank-debit-card-offer-feddc0525.jpg?29082025171606,,Federal Rupay Platinum Contactless Debit Card,
"10% discount upto INR 200 with Federal Bank Debit cards; Available WEB, MOBILE; Valid till 30 sep 2025 23:59",https://in.bookmyshow.com/offers/federal-bank-debit-card-offer/FEDDC0525,https://in.bmscdn.com/offers/tnclogo/federal-bank-debit-card-offer-feddc0525.jpg?29082025171606,,Federal RuPay PMJDY Debit Card,
"Buy 1 and Get 1 upto Rs.200 off on movie ticket; Available WEB, MOBILE; Valid till 31 may 2026 23:59",https://in.bookmyshow.com/offers/rbl-bank-debit-card-offer/RBLDC0124,https://in.bmscdn.com/offers/tnclogo/rbl-bank-debit-card-offer-rbldc0422.jpg?18062025121623,,RBL Bank Pinnacle Debit Card,
"Get upto INR125 Off* on a minimum transaction of upto INR600* with Utkarsh Small Finance Bank Debit Cards; Available WEB, MOBILE; Valid till 30 sep 2025 23:59",https://in.bookmyshow.com/offers/utkarsh-small-finance-bank-debit-card-offer/USFB0224,https://in.bmscdn.com/offers/tnclogo/utkarsh-small-finance-bank-debit-card-offer-usfb0123.jpg?31082025145149,,Utkarsh RuPay Classic Domestic Debit Cards,
"Get upto INR125 Off* on a minimum transaction of upto INR600* with Utkarsh Small Finance Bank Debit Cards; Available WEB, MOBILE; Valid till 30 sep 2025 23:59",https://in.bookmyshow.com/offers/utkarsh-small-finance-bank-debit-card-offer/USFB0224,https://in.bmscdn.com/offers/tnclogo/utkarsh-small-finance-bank-debit-card-offer-usfb0123.jpg?31082025145149,,Utkarsh RuPay Platinum Domestic Debit Cards,
"Get upto INR125 Off* on a minimum transaction of upto INR600* with Utkarsh Small Finance Bank Debit Cards; Available WEB, MOBILE; Valid till 30 sep 2025 23:59",https://in.bookmyshow.com/offers/utkarsh-small-finance-bank-debit-card-offer/USFB0224,https://in.bmscdn.com/offers/tnclogo/utkarsh-small-finance-bank-debit-card-offer-usfb0123.jpg?31082025145149,,Utkarsh RuPay Select International Contactless Debit Cards,
"Get upto INR125 Off* on a minimum transaction of upto INR600* with Utkarsh Small Finance Bank Debit Cards; Available WEB, MOBILE; Valid till 30 sep 2025 23:59",https://in.bookmyshow.com/offers/utkarsh-small-finance-bank-debit-card-offer/USFB0224,https://in.bmscdn.com/offers/tnclogo/utkarsh-small-finance-bank-debit-card-offer-usfb0123.jpg?31082025145149,,Utkarsh Mastercard Gold International Contactless Debit Cards,
"Get upto INR125 Off* on a minimum transaction of upto INR600* with Utkarsh Small Finance Bank Debit Cards; Available WEB, MOBILE; Valid till 30 sep 2025 23:59",https://in.bookmyshow.com/offers/utkarsh-small-finance-bank-debit-card-offer/USFB0224,https://in.bmscdn.com/offers/tnclogo/utkarsh-small-finance-bank-debit-card-offer-usfb0123.jpg?31082025145149,,Utkarsh Mastercard Platinum International Contactless Debit Cards,
"Get upto INR125 Off* on a minimum transaction of upto INR600* with Utkarsh Small Finance Bank Debit Cards; Available WEB, MOBILE; Valid till 30 sep 2025 23:59",https://in.bookmyshow.com/offers/utkarsh-small-finance-bank-debit-card-offer/USFB0224,https://in.bmscdn.com/offers/tnclogo/utkarsh-small-finance-bank-debit-card-offer-usfb0123.jpg?31082025145149,,Utkarsh RuPay Classic International Contactless Debit Card,
"Get upto INR125 Off* on a minimum transaction of upto INR600* with Utkarsh Small Finance Bank Debit Cards; Available WEB, MOBILE; Valid till 30 sep 2025 23:59",https://in.bookmyshow.com/offers/utkarsh-small-finance-bank-debit-card-offer/USFB0224,https://in.bmscdn.com/offers/tnclogo/utkarsh-small-finance-bank-debit-card-offer-usfb0123.jpg?31082025145149,,Utkarsh RuPay Platinum International Contactless Debit Card,
"Get up to Rs.250 off on booking movie tickets with YES BANK Debit Card; Available WEB, MOBILE; Valid till 31 dec 2025 23:59",https://in.bookmyshow.com/offers/yes-bank-debit-card-offer/YESDC0324,https://in.bmscdn.com/offers/tnclogo/yes-bank-debit-card-offer-yes1216.jpg?06082025115823,,Yes First Debit card,
"Get up to Rs.250 off on booking movie tickets with YES BANK Debit Card; Available WEB, MOBILE; Valid till 31 dec 2025 23:59",https://in.bookmyshow.com/offers/yes-bank-debit-card-offer/YESDC0324,https://in.bmscdn.com/offers/tnclogo/yes-bank-debit-card-offer-yes1216.jpg?06082025115823,,Yes Apex International Debit card,
"Get up to Rs.250 off on booking movie tickets with YES BANK Debit Card; Available WEB, MOBILE; Valid till 31 dec 2025 23:59",https://in.bookmyshow.com/offers/yes-bank-debit-card-offer/YESDC0324,https://in.bmscdn.com/offers/tnclogo/yes-bank-debit-card-offer-yes1216.jpg?06082025115823,,Yes Apex International Metal Debit card,
"Get up to Rs.250 off on booking movie tickets with YES BANK Debit Card; Available WEB, MOBILE; Valid till 31 dec 2025 23:59",https://in.bookmyshow.com/offers/yes-bank-debit-card-offer/YESDC0324,https://in.bmscdn.com/offers/tnclogo/yes-bank-debit-card-offer-yes1216.jpg?06082025115823,,Yes Engage Debit Card,
"Get up to Rs.250 off on booking movie tickets with YES BANK Debit Card; Available WEB, MOBILE; Valid till 31 dec 2025 23:59",https://in.bookmyshow.com/offers/yes-bank-debit-card-offer/YESDC0324,https://in.bmscdn.com/offers/tnclogo/yes-bank-debit-card-offer-yes1216.jpg?06082025115823,,Yes Element Debit Card,
"Get up to Rs.250 off on booking movie tickets with YES BANK Debit Card; Available WEB, MOBILE; Valid till 31 dec 2025 23:59",https://in.bookmyshow.com/offers/yes-bank-debit-card-offer/YESDC0324,https://in.bmscdn.com/offers/tnclogo/yes-bank-debit-card-offer-yes1216.jpg?06082025115823,,Yes Elegance Debit Card,
"Get up to Rs.250 off on booking movie tickets with YES BANK Debit Card; Available WEB, MOBILE; Valid till 31 dec 2025 23:59",https://in.bookmyshow.com/offers/yes-bank-debit-card-offer/YESDC0324,https://in.bmscdn.com/offers/tnclogo/yes-bank-debit-card-offer-yes1216.jpg?06082025115823,,Yes Grandeur International Debit Card,
"Get up to Rs.250 off on booking movie tickets with YES BANK Debit Card; Available WEB, MOBILE; Valid till 31 dec 2025 23:59",https://in.bookmyshow.com/offers/yes-bank-debit-card-offer/YESDC0324,https://in.bmscdn.com/offers/tnclogo/yes-bank-debit-card-offer-yes1216.jpg?06082025115823,,Yes Explore Debit Card,
"Get up to Rs.250 off on booking movie tickets with YES BANK Debit Card; Available WEB, MOBILE; Valid till 31 dec 2025 23:59",https://in.bookmyshow.com/offers/yes-bank-debit-card-offer/YESDC0324,https://in.bmscdn.com/offers/tnclogo/yes-bank-debit-card-offer-yes1216.jpg?06082025115823,,YES Premia Debit Card,
"Get up to Rs.250 off on booking movie tickets with YES BANK Debit Card; Available WEB, MOBILE; Valid till 31 dec 2025 23:59",https://in.bookmyshow.com/offers/yes-bank-debit-card-offer/YESDC0324,https://in.bmscdn.com/offers/tnclogo/yes-bank-debit-card-offer-yes1216.jpg?06082025115823,,Yes Bank PMJDY Rupay Chip Debit Card,
"Get up to Rs.250 off on booking movie tickets with YES BANK Debit Card; Available WEB, MOBILE; Valid till 31 dec 2025 23:59",https://in.bookmyshow.com/offers/yes-bank-debit-card-offer/YESDC0324,https://in.bmscdn.com/offers/tnclogo/yes-bank-debit-card-offer-yes1216.jpg?06082025115823,,Yes Venture Business Debit card,
"Get up to Rs.250 off on booking movie tickets with YES BANK Debit Card; Available WEB, MOBILE; Valid till 31 dec 2025 23:59",https://in.bookmyshow.com/offers/yes-bank-debit-card-offer/YESDC0324,https://in.bmscdn.com/offers/tnclogo/yes-bank-debit-card-offer-yes1216.jpg?06082025115823,,YES First Business Debit Card,
"Get up to Rs.250 off on booking movie tickets with YES BANK Debit Card; Available WEB, MOBILE; Valid till 31 dec 2025 23:59",https://in.bookmyshow.com/offers/yes-bank-debit-card-offer/YESDC0324,https://in.bmscdn.com/offers/tnclogo/yes-bank-debit-card-offer-yes1216.jpg?06082025115823,,YES Healthfit Debit Card,
"Get up to Rs.250 off on booking movie tickets with YES BANK Debit Card; Available WEB, MOBILE; Valid till 31 dec 2025 23:59",https://in.bookmyshow.com/offers/yes-bank-debit-card-offer/YESDC0324,https://in.bmscdn.com/offers/tnclogo/yes-bank-debit-card-offer-yes1216.jpg?06082025115823,,YES Reflection Image Debit card,
"Get up to Rs.250 off on booking movie tickets with YES BANK Debit Card; Available WEB, MOBILE; Valid till 31 dec 2025 23:59",https://in.bookmyshow.com/offers/yes-bank-debit-card-offer/YESDC0324,https://in.bmscdn.com/offers/tnclogo/yes-bank-debit-card-offer-yes1216.jpg?06082025115823,,YES Aura International Debit Card,
"Get up to Rs.250 off on booking movie tickets with YES BANK Debit Card; Available WEB, MOBILE; Valid till 31 dec 2025 23:59",https://in.bookmyshow.com/offers/yes-bank-debit-card-offer/YESDC0324,https://in.bmscdn.com/offers/tnclogo/yes-bank-debit-card-offer-yes1216.jpg?06082025115823,,YES Spirit Debit Card,
"Get up to Rs.250 off on booking movie tickets with YES BANK Debit Card; Available WEB, MOBILE; Valid till 31 dec 2025 23:59",https://in.bookmyshow.com/offers/yes-bank-debit-card-offer/YESDC0324,https://in.bmscdn.com/offers/tnclogo/yes-bank-debit-card-offer-yes1216.jpg?06082025115823,,YES Upgrade Venture Business Debit Card,
"Get 20% off on Movie ticket up to Rs. 100* with AU Debit Cards; Available WEB, MOBILE; Valid till 30 sep 2025 23:59",https://in.bookmyshow.com/offers/au-debit-card-offer/AUDC0825,https://in.bmscdn.com/offers/tnclogo/au-bank-royal-debit-card-offer-auroyl1219.jpg?29082025151320,,AU Royale Business Debit Card,
"Get 20% off on Movie ticket up to Rs. 100* with AU Debit Cards; Available WEB, MOBILE; Valid till 30 sep 2025 23:59",https://in.bookmyshow.com/offers/au-debit-card-offer/AUDC0825,https://in.bmscdn.com/offers/tnclogo/au-bank-royal-debit-card-offer-auroyl1219.jpg?29082025151320,,AU Visa Business Gold Debit Card,
"Get 20% off on Movie ticket up to Rs. 100* with AU Debit Cards; Available WEB, MOBILE; Valid till 30 sep 2025 23:59",https://in.bookmyshow.com/offers/au-debit-card-offer/AUDC0825,https://in.bmscdn.com/offers/tnclogo/au-bank-royal-debit-card-offer-auroyl1219.jpg?29082025151320,,AU Royale Debit Card,
"Get 20% off on Movie ticket up to Rs. 100* with AU Debit Cards; Available WEB, MOBILE; Valid till 30 sep 2025 23:59",https://in.bookmyshow.com/offers/au-debit-card-offer/AUDC0825,https://in.bmscdn.com/offers/tnclogo/au-bank-royal-debit-card-offer-auroyl1219.jpg?29082025151320,,AU Visa Gold Debit Card,
"Get 20% off on Movie ticket up to Rs. 100* with AU Debit Cards; Available WEB, MOBILE; Valid till 30 sep 2025 23:59",https://in.bookmyshow.com/offers/au-debit-card-offer/AUDC0825,https://in.bmscdn.com/offers/tnclogo/au-bank-royal-debit-card-offer-auroyl1219.jpg?29082025151320,,AU Platinum Debit Card,
"Get 20% off on Movie ticket up to Rs. 100* with AU Debit Cards; Available WEB, MOBILE; Valid till 30 sep 2025 23:59",https://in.bookmyshow.com/offers/au-debit-card-offer/AUDC0825,https://in.bmscdn.com/offers/tnclogo/au-bank-royal-debit-card-offer-auroyl1219.jpg?29082025151320,,AU Royale World Debit Card,
"Get 20% off on Movie ticket up to Rs. 100* with AU Debit Cards; Available WEB, MOBILE; Valid till 30 sep 2025 23:59",https://in.bookmyshow.com/offers/au-debit-card-offer/AUDC0825,https://in.bmscdn.com/offers/tnclogo/au-bank-royal-debit-card-offer-auroyl1219.jpg?29082025151320,,AU RuPay Platinum Debit Card,
"Get 20% off on Movie ticket up to Rs. 100* with AU Debit Cards; Available WEB, MOBILE; Valid till 30 sep 2025 23:59",https://in.bookmyshow.com/offers/au-debit-card-offer/AUDC0825,https://in.bmscdn.com/offers/tnclogo/au-bank-royal-debit-card-offer-auroyl1219.jpg?29082025151320,,AU RuPay Classic Debit Card,
"Get 20% off on Movie ticket up to Rs. 100* with AU Debit Cards; Available WEB, MOBILE; Valid till 30 sep 2025 23:59",https://in.bookmyshow.com/offers/au-debit-card-offer/AUDC0825,https://in.bmscdn.com/offers/tnclogo/au-bank-royal-debit-card-offer-auroyl1219.jpg?29082025151320,,AU Visa Business Platinum Debit Card,
"Get 20% off on Movie ticket up to Rs. 100* with AU Debit Cards; Available WEB, MOBILE; Valid till 30 sep 2025 23:59",https://in.bookmyshow.com/offers/au-debit-card-offer/AUDC0825,https://in.bmscdn.com/offers/tnclogo/au-bank-royal-debit-card-offer-auroyl1219.jpg?29082025151320,,AU Mastercard Platinum Debit Card,
"Buy 1 Get 1 Ticket free with AU ivy, Eternity & Royale Debit Cards; Available WEB, MOBILE; Valid till 30 sep 2025 23:59","https://in.bookmyshow.com/offers/au-ivy,-eternity-&-royale-debit-card-offer/AUDC0224",https://in.bmscdn.com/offers/tnclogo/au-bank-royal-debit-card-offer-auroyl1219.jpg?29082025151435,,AU Ivy Eternity Royale Debit Card,
"Buy 1 ticket and Get 1 ticket free with Axis Bank Burgundy & Burgundy Private Debit cards; Available WEB, MOBILE; Valid till 31 mar 2026 23:59",https://in.bookmyshow.com/offers/axis-bank-buy-one-get-one-offer-on-burgundy-debit-cards/AXISDC724,https://in.bmscdn.com/offers/tnclogo/axis-bank-buy-one-get-one-offer-on-burgundy-debit-cards-axis0814.jpg?18032025142456,,,
"Buy 1 and Get 1 upto Rs.200 off on movie ticket; Available WEB, MOBILE; Valid till 31 mar 2026 23:59",https://in.bookmyshow.com/offers/axis-bank-edebit-card-offer/AXSEDC0324,https://in.bmscdn.com/offers/tnclogo/axis-bank-edebit-card-offer-axsvrdc420.jpg?19032025201033,,Axis Bank E-Debit Card,
"Kotak 811 Infinity Debit Card Offer. Valid till 31 mar 2026 23:59; Available For WEB, MOBILE.",,https://in.bmscdn.com/offers/tnclogo/kotak-bank-debit-card-offer-kotak0922.jpg?02042025181154,,Kotak 811 Infinity Debit Card,
"Kotak Bank Everyday Rupay Debit Card offer. Get 20% off up to INR 100 using Kotak Bank Everyday Rupay debit card. Valid till 31 mar 2026 23:59; Available For WEB, MOBILE.",https://in.bookmyshow.com/offers/kotak-bank-everyday-rupay-debit-card/KOTAK0922,https://in.bmscdn.com/offers/tnclogo/kotak-bank-debit-card-offer-kotak0922.jpg?25062025132849,,Kotak Everyday Debit Card,
"South Indian Bank Debit Card Offer. Get Flat INR 100 off on BookMyShow using South Indian Bank Debit Cards. Valid till 31 dec 2025 23:59; Available For WEB, MOBILE.",https://in.bookmyshow.com/offers/south-indian-bank-debit-card-offer/SIB0823,https://in.bmscdn.com/offers/offerlisting/south-indian-bank-debit-card-offer-sib1022.jpg?08072025112734,,SIB Rupay Kisan Debit Card,
"South Indian Bank Debit Card Offer. Get Flat INR 100 off on BookMyShow using South Indian Bank Debit Cards. Valid till 31 dec 2025 23:59; Available For WEB, MOBILE.",https://in.bookmyshow.com/offers/south-indian-bank-debit-card-offer/SIB0823,https://in.bmscdn.com/offers/offerlisting/south-indian-bank-debit-card-offer-sib1022.jpg?08072025112734,,SIB Rupay Mudra Debit Card,
"South Indian Bank Debit Card Offer. Get Flat INR 100 off on BookMyShow using South Indian Bank Debit Cards. Valid till 31 dec 2025 23:59; Available For WEB, MOBILE.",https://in.bookmyshow.com/offers/south-indian-bank-debit-card-offer/SIB0823,https://in.bmscdn.com/offers/offerlisting/south-indian-bank-debit-card-offer-sib1022.jpg?08072025112734,,SIB Rupay PMJDY Debit Card,
"South Indian Bank Debit Card Offer. Get Flat INR 100 off on BookMyShow using South Indian Bank Debit Cards. Valid till 31 dec 2025 23:59; Available For WEB, MOBILE.",https://in.bookmyshow.com/offers/south-indian-bank-debit-card-offer/SIB0823,https://in.bmscdn.com/offers/offerlisting/south-indian-bank-debit-card-offer-sib1022.jpg?08072025112734,,SIB RuPay Classic NCMC Debit Card,
"South Indian Bank Debit Card Offer. Get Flat INR 100 off on BookMyShow using South Indian Bank Debit Cards. Valid till 31 dec 2025 23:59; Available For WEB, MOBILE.",https://in.bookmyshow.com/offers/south-indian-bank-debit-card-offer/SIB0823,https://in.bmscdn.com/offers/offerlisting/south-indian-bank-debit-card-offer-sib1022.jpg?08072025112734,,SIB Visa Classic Debit Card,
"South Indian Bank Debit Card Offer. Get Flat INR 100 off on BookMyShow using South Indian Bank Debit Cards. Valid till 31 dec 2025 23:59; Available For WEB, MOBILE.",https://in.bookmyshow.com/offers/south-indian-bank-debit-card-offer/SIB0823,https://in.bmscdn.com/offers/offerlisting/south-indian-bank-debit-card-offer-sib1022.jpg?08072025112734,,SIB MasterCard Titanium Debit Card,
"South Indian Bank Debit Card Offer. Get Flat INR 100 off on BookMyShow using South Indian Bank Debit Cards. Valid till 31 dec 2025 23:59; Available For WEB, MOBILE.",https://in.bookmyshow.com/offers/south-indian-bank-debit-card-offer/SIB0823,https://in.bmscdn.com/offers/offerlisting/south-indian-bank-debit-card-offer-sib1022.jpg?08072025112734,,SIB RuPay Platinum EMV Debit Card,
"South Indian Bank Debit Card Offer. Get Flat INR 100 off on BookMyShow using South Indian Bank Debit Cards. Valid till 31 dec 2025 23:59; Available For WEB, MOBILE.",https://in.bookmyshow.com/offers/south-indian-bank-debit-card-offer/SIB0823,https://in.bmscdn.com/offers/offerlisting/south-indian-bank-debit-card-offer-sib1022.jpg?08072025112734,,SIB Rupay Platinum Explorer NCMC Debit Card,
"South Indian Bank Debit Card Offer. Get Flat INR 100 off on BookMyShow using South Indian Bank Debit Cards. Valid till 31 dec 2025 23:59; Available For WEB, MOBILE.",https://in.bookmyshow.com/offers/south-indian-bank-debit-card-offer/SIB0823,https://in.bmscdn.com/offers/offerlisting/south-indian-bank-debit-card-offer-sib1022.jpg?08072025112734,,SIB MasterCard Platinum Debit Card,
"South Indian Bank Debit Card Offer. Get Flat INR 100 off on BookMyShow using South Indian Bank Debit Cards. Valid till 31 dec 2025 23:59; Available For WEB, MOBILE.",https://in.bookmyshow.com/offers/south-indian-bank-debit-card-offer/SIB0823,https://in.bmscdn.com/offers/offerlisting/south-indian-bank-debit-card-offer-sib1022.jpg?08072025112734,,SIB Visa Platinum Debit Card,
"South Indian Bank Debit Card Offer. Get Flat INR 100 off on BookMyShow using South Indian Bank Debit Cards. Valid till 31 dec 2025 23:59; Available For WEB, MOBILE.",https://in.bookmyshow.com/offers/south-indian-bank-debit-card-offer/SIB0823,https://in.bmscdn.com/offers/offerlisting/south-indian-bank-debit-card-offer-sib1022.jpg?08072025112734,,SIB Visa Platinum EMV NFC,
"South Indian Bank Debit Card Offer. Get Flat INR 100 off on BookMyShow using South Indian Bank Debit Cards. Valid till 31 dec 2025 23:59; Available For WEB, MOBILE.",https://in.bookmyshow.com/offers/south-indian-bank-debit-card-offer/SIB0823,https://in.bmscdn.com/offers/offerlisting/south-indian-bank-debit-card-offer-sib1022.jpg?08072025112734,,SIB MasterCard Platinum Business Debit Card,
"South Indian Bank Debit Card Offer. Get Flat INR 100 off on BookMyShow using South Indian Bank Debit Cards. Valid till 31 dec 2025 23:59; Available For WEB, MOBILE.",https://in.bookmyshow.com/offers/south-indian-bank-debit-card-offer/SIB0823,https://in.bmscdn.com/offers/offerlisting/south-indian-bank-debit-card-offer-sib1022.jpg?08072025112734,,SIB MasterCard World Debit Card,
"South Indian Bank Debit Card Offer. Get Flat INR 100 off on BookMyShow using South Indian Bank Debit Cards. Valid till 31 dec 2025 23:59; Available For WEB, MOBILE.",https://in.bookmyshow.com/offers/south-indian-bank-debit-card-offer/SIB0823,https://in.bmscdn.com/offers/offerlisting/south-indian-bank-debit-card-offer-sib1022.jpg?08072025112734,,SIB Visa Signature NFC Debit Card,
"Axis Bank Priority Debit card offer. Get discount up to Rs 350 on movie tickets on Axis Bank Priority Debit Cards. Valid till 31 mar 2026 23:59; Available For WEB, MOBILE.",https://in.bookmyshow.com/offers/axis-bank-priority-debit-card-offer/AXISPDC724,https://in.bmscdn.com/offers/tnclogo/axis-bank-priority-debit-card-offer-axispr0317.jpg?03092025120717,,Axis Bank Priority Debit Card,
"Axis Bank Titanium Rewards/Rewards+ Offer. Get 5% discount on Axis Titanium Rewards and Rewards plus debit cards. Valid till 31 mar 2026 23:59; Available For WEB, MOBILE.",https://in.bookmyshow.com/offers/axis-bank-titanium-rewards-offer/AXSTIDC324,https://in.bmscdn.com/offers/tnclogo/axis-bank-titanium-rewards-offer-axstit0417.jpg?18032025143218,,Axis Bank Titanium Rewards Debit Card,
"Axis Bank Titanium Rewards/Rewards+ Offer. Get 5% discount on Axis Titanium Rewards and Rewards plus debit cards. Valid till 31 mar 2026 23:59; Available For WEB, MOBILE.",https://in.bookmyshow.com/offers/axis-bank-titanium-rewards-offer/AXSTIDC324,https://in.bmscdn.com/offers/tnclogo/axis-bank-titanium-rewards-offer-axstit0417.jpg?18032025143218,,Axis Bank Titanium Rewards Plus Debit Card,
